li,Matr√,100.0
01,A6123,40.0
01,HS111,40.0
01,A1111,20.0
02,HS000,50.0
02,D9999,50.0
12,D9999,25.0
12,HS000,25.0
12,9V999,25.0
12,HS111,25.0
11,A6123,33.33333333333333
11,D9999,33.33333333333333
11,HS000,33.33333333333333
06,HS000,50.0
06,PK111,50.0
10,EN111,28.57142857142857
07,HS111,25.0
07,HS000,25.0
07,JA111,25.0
07,XA111,25.0
09,A6123,50.0
09,XA612,50.0
03,EN111,50.0
03,XA111,50.0
